index,product,category,sub_category,brand,sale_price,market_price,type,rating,description
1,Garlic Oil - Vegetarian Capsule 500 mg,Beauty & Hygiene,Hair Care,Sri Sri Ayurveda ,220,220,Hair Oil & Serum,4.1,"This Product contains Garlic Oil that is known to help proper digestion, maintain proper cholesterol levels, support cardiovascular and also build immunity.  For Beauty tips, tricks & more visit https://bigbasket.blog/"
2,Water Bottle - Orange,"Kitchen, Garden & Pets",Storage & Accessories,Mastercook,180,180,Water & Fridge Bottles,2.3,"Each product is microwave safe (without lid), refrigerator safe, dishwasher safe and can also be used for re-heating food and not for cooking. All containers come with airtight lids and a wide variety of attractive colours. Stack these stylish and colourful containers in your kitchen with ease and for a look-good factor."
3,"Brass Angle Deep - Plain, No.2",Cleaning & Household,Pooja Needs,Trm,119,250,Lamp & Lamp Oil,3.4,"A perfect gift for all occasions, be it your mother, sister, in-laws, boss or your friends, this beautiful designer piece wherever placed, is sure to beautify the surroundings Traditional design This type diya has been used for Diwali and All other Festivals for centuries. Sturdy and easy to carry The feet keep it balanced to ensure safety. Wonderful Oil Lamp made in Brass also called as Jyoti. This is a handcrafted piece of Indian brass Deepak."
4,Cereal Flip Lid Container/Storage Jar - Assorted Colour,Cleaning & Household,Bins & Bathroom Ware,Nakoda,149,176,"Laundry, Storage Baskets",3.7,"Multipurpose container with an attractive design and made from food-grade plastic for your hygiene and safety ideal for storing pulses. Grains, spices, and more with easy opening and closing flip-open lid. Strong, durable and transparent body for longevity and easy identification of contents. Multipurpose storage solution for your daily needs stores your everyday food essentials in style with the Nakoda container set. With transparent bodies, you can easily identify your stored items without having to open the lids. These containers are ideal for storing a large variety of items such as food grains, snacks and pulses to sugar, spices, condiments and more. Featuring unique flip-open lids, you can easily open and close this container without any hassles.
The Nakoda container is made from high-quality food-grade and BPA-free plastic that is 100% safe for storing food items. You can safely store your food items in this container without worrying about contamination and harmful toxins. As they are constructed using highly durable virgin plastic, this container will last for a long time even with regular use. This container can enhance the overall look of your kitchen decor. Being dishwasher safe, cleaning and maintaining this container is an easy task. You can also use a simple soap solution to manually wash and retain their looks for a long time."
5,Creme Soft Soap - For Hands & Body,Beauty & Hygiene,Bath & Hand Wash,Nivea,162,162,Bathing Bars & Soaps,4.4,"Nivea Creme Soft Soap gives your skin the best care that it must get. The soft bar consists of Vitamins F and Almonds which are really skin gracious and help you get great skin. It provides the skin with moisture and leaves behind flawless and smooth skin. It makes sure that your body is totally free of germs & dirt and at the same time well nourished.For Beauty tips, tricks & more visit https://bigbasket.blog/"
6,Germ - Removal Multipurpose Wipes,Cleaning & Household,All Purpose Cleaners,Nature Protect,169,199,Disinfectant Spray & Cleaners,3.3,"Stay protected from contamination with Multipurpose Germ Removal Wipes by Nature Protect, a quality product by Hindustan Unilever Limited, the makers of Surf Excel and Lifebuoy. Infused with neem extract Nature Protect Multipurpose Germ removal wipes helps in cleaning and 99.9% germ removal^. Neem extracts are known to have the power of 100 bio-actives with both anti-viral and anti-bacterial capabilities.
Wipes made from 100% biodegradable fabric and balanced with skin’s pH level, our on-the-go hygiene wipes are safe to use on not just surfaces, but human skin, so you can disinfect any exposed parts of your body – such as your hands, elbows, or wrists – as well as the surfaces they’ve touched.  A thorough cleaning with on-the-go hygiene wipes helps in keeping surfaces hygienically clean, both inside and outside your home. Packaged neatly to enable quick, easy removal, these on-the-go hygiene wipes will help you stay protected whether you stay indoors or move out and about.
^ As per lab test conducted on representative organisms.* Always spot test on hidden area to check compatibility."
7,Multani Mati,Beauty & Hygiene,Skin Care,Satinance,58,58,Face Care,3.6,"Satinance multani matti is an excellent skin toner and astringent. reduces oiliness and while nourishing the skin, keeps it soft and grime. improves complexion by facilitating better blood circulation.  For Beauty tips, tricks & more visit https://bigbasket.blog/"
8,Hand Sanitizer - 70% Alcohol Base,Beauty & Hygiene,Bath & Hand Wash,Bionova,250,250,Hand Wash & Sanitizers,4,70%Alcohol based is gentle of hand leaves skin soft and moist with a good fragrance. It is really safe for the skin.
9,Biotin & Collagen Volumizing Hair Shampoo + Biotin & Collagen Hair Conditioner,Beauty & Hygiene,Hair Care,StBotanica,1098,1098,Shampoo & Conditioner,3.5,"An exclusive blend with Vitamin B7 Biotin, Hydrolyzed collagen, Oat Extract along with premium & organic cold-pressed ingredients helps to infuse nutrients into every strand and creates the appearance of thicker, fuller healthier looking hair. This powerful formula helps volumize even the skinniest strands into fuller and more abundant looking locks. It is safe for color-treated hair and safe for all hair types. St Botanica Biotin & Collagen Hair Conditioner has been specially formulated to repair dry & damaged hair for full, thick, voluminous, shiny & healthy looking hair! The amazing hair conditioner ingredients include Biotin, Hydrolyzed Collagen, Pro-Vitamin B5, Vitamin E, & Hydrolyzed Silk Proteins for glistening looking hair. Biotin and Collagen, infused with most efficacious natural extracts not only promotes healthy hair growth but also prevents hair dryness, increases the elasticity of the hair cortex, thereby strengthening hair, minimizing hair breakage and helping hair grow longer, healthier and thicker. PLUMP IT UP: the nutrient-rich, plump-it-up power of this haircare infused with ProVitamin B7 biotin and collagen helps give each strand of hair a beautiful boost, this dynamic duo will leave your hair feeling thicker, fuller, and looking oh, so healthy."
10,"Scrub Pad - Anti- Bacterial, Regular",Cleaning & Household,"Mops, Brushes & Scrubs",Scotch brite,20,20,"Utensil Scrub-Pad, Glove",4.3,"Scotch Brite Anti- Bacterial Scrub Pad thoroughly cleanses dishes and keeps the kitchen utensils squeaky clean with a pleasant neem fragrance. The scrub is gentle on the hands and does not wear off easily, while eliminating bacteria and making your utensils sparkle and look as good as new with every wash."
11,Wheat Grass Powder - Raw,Gourmet & World Food,Cooking & Baking Needs,NUTRASHIL,261,290,Flours & Pre-Mixes,4,"Wheatgrass is a superfood potent health food with amazing benefits. It contains all minerals, Vitamins A, B- complex, C, E, I and K. It is extremely rich in protein and contains 17 amino acids. It is thought to benefit health only when fresh and taken on an empty stomach immediately after being mixed."
12,Butter Cookies Gold Collection,Gourmet & World Food,Chocolates & Biscuits,Sapphire,600,600,"Luxury Chocolates, Gifts",2.2,Enjoy a tin full of delicious butter cookies made with pure Danish recipe. Enjoy them as an energy snack. or with tea and coffee. Sapphire Butter cookies make a perfect gift pack for your loved ones. This product is 100% vegetarian.
13,"Face Wash - Oil Control, Active",Beauty & Hygiene,Skin Care,Oxy,110,110,Face Care,5,"This face wash deeply cleanses dirt and impurities. Active ingredients help remove excess oil and other pimple causing germs, leaving skin clean and fresh. Its a oil-control & pimple clearing ingredients which rid your skin of excess oil and other a pimple-causing germs, leaving it clean and fresh."
14,Mold & Mildew Remover with Bleach,Cleaning & Household,All Purpose Cleaners,Clorox,350,350,Floor & Other Cleaners,3.8,"This formula has been scientifically proven to kill 99.9% of germs. It removes mold & mildew powerfully, leaving no residue behind. cleans & disinfects at the same time. Colox Mold & Mildew Remover with Bleach is perfect for a solution for a germ-free house."
15,Just Spray - Mosquito Repellent Room Spray,Cleaning & Household,Fresheners & Repellents,Herbal Strategi,200,200,Mosquito Repellent,4.2,"Strategi Just Spray is a very effective 100% Herbal Mosquito Repellent Room Spray completed from a distinctive mix of plant extracts and fragrant oils which remains mosquitoes away for 8-12 hrs. Just Spray has been developed to remove the discomfort of using chemical mosquito repellents such as chemical vaporisers, chemical mosquito coils etc."
16,Dove Plastic Soap Case - Assorted Colour,Cleaning & Household,Bins & Bathroom Ware,Nakoda,49,59,Soap Cases & Dispensers,4,"This soap case is made of virgin plastic which makes it strong and durable. This is ideal for the bathroom, kitchen, etc.This will protect your soap bars from melting and will make it lasts longer."
17,Smooth Skin Oil - For Dry Skin,Beauty & Hygiene,Skin Care,Aroma Treasures,324,360,Aromatherapy,5,"Specially crafted for dry skin, this richly formulated skin oil restores the natural moisture of the skin, improves its health and youthfulness. Not to mention how soft, shiny and smooth it makes your skin.


Aroma Treasures, pioneers of aromatherapy have put in years of research and study to give you the ultimate range of beauty care products."
18,Salted Pumpkin,Gourmet & World Food,"Snacks, Dry Fruits, Nuts",Graminway,180,180,Roasted Seeds & Nuts,4.9,"Graminway Salted Pumpkin Seeds are the perfect snack for your family. These are ancient food, lost with time. These are tiny nutritional powerhouses loaded with essential elements, many of which are trace elements. They are rich in manganese, magnesium, copper, and zinc, which can give your health an added boost. Pumpkin seeds are the best sources of plant-based omega-3s (alpha-linolenic acid). Also, they are rich in healthy fats, antioxidants, and fibres. Moreover, they are easy to carry and make an excellent snack when you are on the go and can be a quick snack when you are home too. At Graminway, they believe that everyone deserves to live a full and healthy life. The intake of their food supplements will provide a good foundation for a healthy lifestyle. They are committed to providing the highest quality products at affordable price. They are a company with a purpose beyond profit and want to make a lasting difference in the world. Graminway aims to provide clean, natural, and healthy products without compromising on the flavours and taste. They produce them in small batches, which helps maintain freshness and preserve the ingredient texture. By not stockpiling, each product is as fresh as possible when it reaches your doorstep."
19,Flax Seeds - Roasted,Gourmet & World Food,"Snacks, Dry Fruits, Nuts",True Elements,120,120,Roasted Seeds & Nuts,4.3,"True Elements brings to you Roasted Flax Seeds that are loaded with health benefits and nutrients. It is perfectly crunchy and is 100% natural and high-quality. These seeds are slightly roasted to get maximum health benefits and the right crunch. It is very high in fibre and provides good amounts of protein. It is also rich in fat and Omega 3. It is a great mid-meal snack, sprinkled over breakfast, soups or can be ground into a powder and added to food.
Benefits: 1. It is loaded with many health benefits and nutrients.
2. It is a great healthy snack or meal option.
3. It is very high in fibre and provides good amounts of protein.
4. It is also rich in fat and Omega 3.
5. It is 100% natural and made of high-quality."
20,Organic Tofu - Soy Paneer,Gourmet & World Food,Dairy & Cheese,Murginns,85.14,90,Tofu,3.9,"We at Wellness Foods, manufacture dairy and non-dairy products, Fresh Cheese, Tofu, and Butter. Our tofu is 100% organic without any preservatives. Our cheese is handcrafted by an Italian cheesemaker, from milk directly procured from farmers.Murginns’ fresh and firm Organic tofu is the perfect non-dairy substitute to paneer or cottage cheese, made from organic soybeans. Tofu, also called bean curd, is a preparation made by soya milk coagulation. A good source of calcium, manganese, copper, selenium, protein, phosphorus, and rich in vitamin B1."
21,Ceramic Barrel Brush - Colour May Vary,Beauty & Hygiene,Hair Care,Bronson Professional,525,700,Tools & Accessories,4.2,This Ceramic Barrel Brush by Bronson Professional is lightweight and the rubber grip ensures easy handling. It distributes the heat easily and reduces hair drying time. The ceramic-coated barrel emits negative ions reducing frizz.
22,Instant Noodles - Chicken Satay Flavor,Gourmet & World Food,"Pasta, Soup & Noodles",Koka,45,50,Imported Noodles,4.1,"Koka Instant noodles are known for their carefully selected ingredients and specially formulated recipes. It promises great taste without the addition of MSG. A leading instant noodle brand, Koka offers you great taste, texture and flavour. It is available in variety of Asian flavours and it comes in packets or as cup noodles. From the packet noodles range comes the Koka Instant Noodles Chicken Satay Flavour."
23,Chia Seeds,"Foodgrains, Oil & Masala",Dry Fruits,NaturoBell,120,120,Other Dry Fruits,3.9,"Raw Chia seeds, naturally gluten free, lyva raw chia seeds are a whole, vegetarian food, naturally rich in omega-3 and omega-6 essential fatty acids, dietary fiber, protein and other essential minerals. just a spoonful of lyva raw chia seeds a day is an easy and delicious way to support your digestive health and satiate your appetite homemade buffalo manure has been used as a compost during the cultivation of these seeds. no pesticides or insecticides were used making it near organic suggested uses - 1 tbsp. Daily mixes easily in water or juice. excellent when used as a topping for yogurt, salad, breakfast cereals, blended smoothie beverages and fresh coconut water ingredients - organically grown 100% chia seed (salvia hispanica) 15 g of chia seeds provide - all your daily requirement of omega-3 and omega 6 - also boosts the fiber, antioxidants and protein in your diet.  Click here for unique and delicious recipes - https://www.bigbasket.com/flavors/collections/231/dry-fruits-berries-nuts/"
24,Cleanse Green Tea - Whole Leaf Loose Tea,Gourmet & World Food,Drinks & Beverages,Cambridge Tea Party,75,75,Gourmet Tea & Tea Bags,3.9,"This beautiful box of Cambridge Tea Party Cleanse has 50g, 25 servings of Whole leaf Green Tea. This tea will give the antioxidant boost and helps you get strong. Cambridge Tea Party is one of the premier tea brands in the world."
25,Veggie Cutter,"Kitchen, Garden & Pets",Kitchen Accessories,IRICH,195,195,Choppers & Graters,5,"Food Grade High Quality Plastic, Keep and store knife away from the reach of children. Multi use 2-in-1 Veg Cutter with Round Sharp steel blade along with slicer, Specially designed for cutting vegetables and fruits with locking system. Easy to use and wash"
26,Insulated Hot Fresh Casserole For Roti/Chapati - White,"Kitchen, Garden & Pets",Flask & Casserole,Cello,659,895,Casserole,3.3,"Stop your worries about keeping your food warm during your dinner. Aesthetically designed, Cello's vibrant casseroles are an absolute marvel of design elegance. It is made of food-grade material with a thermic guard. The inner mirror-finished liner parts are fabricated out of non-magnetic stainless steel seat. The plastic outer body and lead components are moulded out of virgin food grade plastic polymers which gives it a sturdy and beautiful finish. With a unique glazed finish that gives a sophisticated look, is one of a superlative essential in your kitchen collections. Scientifically measured insulation properties keep food warm and fresh just as home packed food is expected to be."
27,Granola - Happy Berries,Snacks & Branded Foods,Breakfast Cereals,Fit & Flex,245,265,Granola & Cereal Bars,3.5,"Fit & Flex granola is not just crunchy and tasty, it is also incredibly great for you. It is the perfect start to your every morning and packs quite a nutritious punch. Easy to chew, amazingly high on flavour and delightfully caramelised just right, is how we describe Fit & Flex granola."
28,Flaxseed - Pesticide Free,"Foodgrains, Oil & Masala",Dry Fruits,Safe Harvest,53.9,55,Other Dry Fruits,4,"Super-nutritious and good for your heart, flaxseed is also a rich source of fibre and Omega-3 fatty acids. We procure our flax seeds from the Gond tribes of eastern Madhya Pradesh who are traditionally practitioners of sustainable farming over many generations. Sprinkle into your morning breakfast cereal or porridge or make a blitz together with chillies, ginger, coconut and lemon juice for an interesting nutritious twist to idli chutney breakfast.  All Safe Harvest products are cultivated completely devoid of synthetic chemical pesticides."
29,Paratha Puff,Snacks & Branded Foods,Frozen Veggies & Snacks,Switz,90,110,Frozen Veg Snacks,4.3,"Switz Puff Parathas are made with the highest quality ingredients through a specialized layering process that makes them fluffy and flaky. Made of wheat, these scrumptious parathas melt in the mouth, and will instantly become your new favourite. The buttery, soft parathas can easily be folded or cut into pieces, and tastes delicious with curries or just with tea. If you like laccha paratha or Malabar paratha, you will love the Switz Puff Paratha.It also serves as a versatile base for many snacks and dishes that can easily be made on a non-stick pan like mini rolls, quesadilla, Kathi rolls, paratha wraps, etc. You can even use it as a puff pastry by baking to make tarts, aloo/veg/ kheema puffs, cheese burst pizza, chicken pie, caramelized onions or mushroom mini bites, pinwheel bites, paratha twists, etc. With the Switz Puff Paratha, the only constraint is your imagination and creativity."
30,Lip Butter - Rose,Beauty & Hygiene,Skin Care,Organic Harvest,169.15,199,Lip Care,1.5,Reload the dry and chapped lips with Organic Lip Butter Rose. The ideal mixture of organic butter and waxes instantly brightens your lips with red colour. Whenever you apply the colour it adds on to your charm with a rich creamy texture.
31,Fruit Power - Masala Sugarcane,Beverages,Fruit Juices & Drinks,Real,19,20,Juices,2.9,"Sugarcane and Spicy Masala, a love story that has been part of every Indian home across generations. Real Masala Sugarcane is one of the 1st in India offering the benefits of your age-old sugarcane juice with a sprinkling of traditional Indian masala in the hygienic Tetra pack format. So relish every drop of our new Masala Sugarcane beverage that promises to refresh you with every gulp. Savour the natural sugarcane goodness brought to your home by Real."
32,Chocobakes Choc Filled Cookies,"Bakery, Cakes & Dairy","Cookies, Rusk & Khari",Cadbury,102,120,"Bakery Biscuits, Cookies",4.2,"Experience new exciting chocolatey centre filled cookie from Cadbury. Perfect as an indulgent ""me time"" treat or to relish happy moments with your loved ones and friends. Indulge in the taste of this amazing combination of delicious cookies that enrobe a smooth Chocolatey centre."
33,Amber - Deodorant Body Spray,Beauty & Hygiene,Fragrances & Deos,Old Spice,211.65,249,Men's Deodorants,3.4,"Smellcome to Magic with Old Spice’s New Launch Deodorant range. 0% Gas and for long-lasting 24-hour freshness. A fruity fragrance with notes of blackberry, black raspberry, and plum, rounded out with sweet vanilla and amber notes at the base. Armed with Amber, flanked by the Old Spice eagles, you have the beacon to freely spread joy amongst your smellectorate."
34,Green Tea - Tulsi Loose Leaf,Beverages,Tea,Octavius,225,225,Green Tea,3.7,"Octavius Tulsi Green Tea, is a unique combination where both the herbs help in refreshing and energizing the body and mind. It promotes metabolism which is vital for weight management. Green tea and Tulsi offer a vast array of remarkable health benefits including an abundance of antioxidants."
35,Pet Solitaire Container Set - Silver,"Kitchen, Garden & Pets",Storage & Accessories,Steelo,499,969,Containers Sets,3.9,"The Steelo plastic PET Container Set, is made of 100% food-grade PET plastic that helps you store, pulses, spices and more in a safe way. These containers are Bisphenol A (BPA) free, thus keeping you safe from health hazards. Therefore, these containers help you make a healthier lifestyle choice. The PET material makes the containers odour-free, so you donot have to worry about the spices and cereals smelling different. The airtight seal completely locks the container and conserves the nutritional value of the stored items."
36,Dhania - Dal,"Foodgrains, Oil & Masala",Masalas & Spices,bb Royal,98,120,Whole Spices,4.1,"Finest quality split coriander seeds roasted and mildly salted; crunchy and crisp. A traditional mouth freshener and an excellent post-meal digestive. Coriander Seeds are rich in Vit-C (the only seed to do so), Vit-B family and thiamin, riboflavin, and niacin. Coriander seeds are anti-bacterial, anti-microbial and anti-inflammatory in nature, and hence, consuming dhana dal after meals can have many medicinal benefits."
37,Pudina Chutney Masala,"Foodgrains, Oil & Masala",Masalas & Spices,Catch,46.75,55,Blended Masalas,3.9,"Catch Pudina Chutney is a spicy dip made from mint leaves. This Pudina chutney masala is perfect for making the traditional Indian condiment. It is an extremely flavour condiment and is served in small quantities. It is one of the most popular Indian chutneys around, as it can be served with almost any food. Catch Pudina Chutney Masala is made using Low-Temperature Grinding technology."
38,Bodylicious Deodorant Spray - Mate (For Men),Beauty & Hygiene,Fragrances & Deos,Engage,136.5,195,Men's Deodorants,4.1,"Engage Man Mate Deo Spray  For Beauty tips, tricks & more visit https://bigbasket.blog/"
39,"Sport Deo Spray - Fresh, for Men",Beauty & Hygiene,Men's Grooming,Engage,112.75,205,Men's Deodorants,3.7,"A refreshing fresh fragrance with sparkling citrus top notes, sophisticated floral heart notes and a comples woody-musky base, which is perfect for a hot summer day or an enchanting date night.  For Beauty tips, tricks & more visitÃ‚Â https://bigbasket.blog/"
40,Choco Deck - Mini Delights,Snacks & Branded Foods,Chocolates & Candies,Fabelle,160,200,Chocolates,4.4,"Fabelle brings you Fabelle Choco Deck – Mini Delights, a pack of mini Milk Chocolate bars that will impress everyone, regardless of age. Perfect for gifting, it will make moments of celebration and bonding with friends and family even more special. Each bar is made of a layer of rich choco creme cradled between two layers of Milk Chocolate.
Experience an explosion of chocolate in your mouth as you first taste the sweetness from milk chocolate followed by the richness from the choco crème. Handcrafted by the Master Chocolatiers from the House of ITC, Fabelle gives you a dessert like an experience in a chocolate bar. Finding the perfect gift can be tricky so when in doubt, gift chocolate!"
41,Eau De Toilette - Homme Green,Beauty & Hygiene,Fragrances & Deos,Colour Me,427.5,450,Eau De Toilette,4.3,"Colour Me is the of one of Milton Lloyds wonders. Now get a long-lasting, luxury fragrance in form of different variants of Colour Me. Take advantage of the finest quality and longest lasting oils, put in the highest concentration to ensure you a repeated delight."
42,Lemon & Tea Tree Oil Soap,Beauty & Hygiene,Bath & Hand Wash,Liril,360,360,Bathing Bars & Soaps,4.2,"The new Liril soap, with its active ingredients like tea tree oil and lemon extract, gives you a freshness that lasts longer. The soap gives you a fragrance which not only lasts the whole day long as well as keeps your skin healthy. This soap ensures that your skin gets the best care and stays fresh. At the very same time, this soap also ensures that not only your skin retains its natural moisture but also maintains its oil balance. The lemon and tea tree oil ingredients in this soap give you a thick lather which lends a sense of freshness after every shower and makes bathing an enjoyable experience. The fragrance with cues of Lemon provides an invigorating shower experience. This soap has been consistent in bringing alive freshness. This soap also lasts for a long time and is a great choice for a daily refreshing shower! Buy the new Liril Soap in a 125-gm bar now, right here! With active ingredients, the Liril Lime Soap gives you freshness that lasts all day long. The lemon and tea tree oil ingredients in this soap give you instant freshness after every shower. Buy the Liril Lime Soap in a 125-gm bar, right here!"
43,Flavoured Cream Wafer Roll - Strawberry,Gourmet & World Food,Chocolates & Biscuits,Twister,275,275,"Cookies, Biscotti, Wafer",4.3,Very crispiest texture and pleasant odour of flavour.
44,Storage/Lunch Steel Container with PP Lid - Red,"Kitchen, Garden & Pets",Steel Utensils,Classic Essentials,109,299,Steel Lunch Boxes,2.6,Add a dash of colour to your kitchen with these colourful and functional microwave safe stainless steel plastic coated containers with lid from Classic Essential. The containers have a steel interior and a plastic-coated exterior and can be used easily for reheating food or simply serving and storing your snacks/cereals.The exterior plastic gets heated first which in turn heats up the inner steel in which your food is absolutely safe of any toxins. Hence it might take longer than usual to heat up in the microwave. So go ahead and buy yourself a set.
45,Plain Green Olives,Gourmet & World Food,Tinned & Processed Food,Figaro,179,179,"Olive, Jalapeno, Gherkin",5,"Olives are small fruits that grow on olive trees (Olea European). they belong to a group of fruit called drupes, or stone fruits, and are related to mangoes, cherries, peaches, almonds, and pistachios. Olives are very high in Vitamin E and other powerful antioxidants."
46,Quinoa - Organic,"Foodgrains, Oil & Masala",Organic Staples,Organic Tattva,250,250,"Organic Rice, Other Rice",3.9,"Quinoa is one of the world’s most popular health foods. Organic Tattva's Organic Quinoa is one superfood which is gluten-free, high in protein and is full of anti-oxidants. It is one nutritious plant food which contains all nine essential amino acids. Enriched with anti-inflammatory phytonutrients, it is helpful in the prevention and treatment of various health conditions.  It contains small amounts of the heart-healthy omega-3 fatty acids and it boosts the immune system. Quinoa has a sweet and nutty flavour with a distinct texture. Organic Quinoa ensures purity and unadulterated goodness of this superfood. its high nutrition content makes it useful for people who are particular about their health. Organic Tattva's Quinoa is produced  and processed in compliance with NPOP standars in India, USDA -NOP, and EU Regulation EC no. 834/2007 & 889/2008."
47,After Shave Splash - Arctic Ice,Beauty & Hygiene,Men's Grooming,Gillette,459.62,469,Shaving Care,3.9,"Designed specifically for male skin. Finish a great shave with a crisp, Clean aftershave that refreshes just-shaved skin. Refreshes with a clean, Crisp, Masculine fragrance."
48,Colour Catcher Sheets,Cleaning & Household,All Purpose Cleaners,Dylon ,799,799,Imported Cleaners,4,"1. Prevents Colour Run Accidents Colours that run in the water during the wash might bleed into your laundry. Thanks to its patented technology the sheet acts like a magnet and traps loose dye from the water - assuring maximum protection against discolouration and colour runs. The proof is on the sheet! 
2. Allows Mixed Washes As the sheet protects against colour transfer it allows you to wash all colours together, even with whites. Colour Catcher protects your laundry and saves your time and money by allowing mixed washes.
3. Protects Colour Brightness Even if not seen by the eye, traces of dye might deposit every wash and build up a layer of mixed colours on the garment over time - making your coloured garments dull. The sheets trap dyes from the water before they deposit on the garments. It helps to keep your colours brighter for longer!
4. Prevents Greying Greying is an accumulation process. Grime and dirt are traces which redeposit on the fabric during several washes and their build-up becomes visible over time. By removing loose dirt particles from the wash the sheet protects the fabric from greying.
5. Effective at All Temperatures Extra absorbent fibres of the sheet provides maximum protection at all temperatures. For best results use Colour Catcher in every wash.
6. Prevents Residual Dirt Redepositing Dirt particles may also float in the wash water. With its unique feature, the sheet catches released dirt particles from the wash water for better cleanliness of your fabrics."
49,Sauce - Sweet & Sour,Gourmet & World Food,"Sauces, Spreads & Dips",Pantai,245,245,Thai & Asian Sauces,3.7,"Sweet & sour sauce is great for pineapple, fried rice, stir fried noodles, tofu dipping, etc."
50,Super Hot and Sweet Mango Chutney,Snacks & Branded Foods,Pickles & Chutney,Spice Story,100,125,Chutney Powder,3,"From the Bylanes & Streets of Eastern UP, comes the inspiration of this Chutney. Originally the Khatta Meetha Aam ka Achar, this sauce will transport you back to your childhood."
51,Pani Puri Mix Paste,"Foodgrains, Oil & Masala",Masalas & Spices,Mother's Recipe,48.95,55,Cooking Pastes,4.1,"Make your home-made Panipuri more delightful, with the help of our Tangy Panipuri Mix Paste. Mix 4 tablespoon (50g) of Mother's Recipe Panipuri Mix Paste in 450 ml of chilled water. Dunk the puris filled with mashed boiled potatoes and Sprouts or Boondi in the prepared water and enjoy. Tastes best with our Tamarind Date Chutney."
52,Peach Syrup,Gourmet & World Food,Drinks & Beverages,Pekers,850,850,Gourmet Juices & Drinks,4.2,Pekers peach syrup takes you on a historical trip to north-west china together with the sweet aroma of fuzzy peach fruit and It’s yellow-red colour.
53,Acne & Oil Control Face Wash,Beauty & Hygiene,Men's Grooming,Red Hunt,80,100,Face & Body,4,"Natural mineral kaolin deep cleans removes dirt, pollution and bacteria. Added sliver resists the impact and spread of acne causing bacteria"
54,Choco Deck - French Dessert Inspired Layered Bar,Snacks & Branded Foods,Chocolates & Candies,Fabelle,56,70,Chocolates,4,"Fabelle Choco Deck is a unique multi-layered chocolate experience with three irresistible layers of chocolate. Now introducing Fabelle Choco French Dessert Inspired Layered Bar where the bar is inspired from the French Dessert - Mille Feuille. The middle layer is made of soft choco creme, nuts and crisps cradled between two layers of Milk Chocolate thereby re-creating the iconic French dessert.Fabelle has reimagined the way chocolates are meant to look, feel and taste. Indulge your senses with Fabelle's range of premium chocolate bars available in a unique format."
55,Extra Fine Green Peas,Gourmet & World Food,Tinned & Processed Food,Daucy,202.5,225,Beans & Pulses,4.5,"We bring for you Europe’s leading brand of canned vegetables from the Cooperative d’aucy Group, France, consisting of more than 25000 farmer members and 60 production sites. The history of Daucy began in Brittany in 1965. In 1979, d'aucy became part of a cooperative enterprise. Today, and for almost 50 years now, d'aucy has been trying to offer you the best of its vegetables, whether canned, frozen or in our prepared dishes. The vegetables are processed and packed within a few hours of picking, thus ensuring that the micronutrients are saved from deterioration. Each vegetable awakens in its own season, at its own pace so that you can enjoy all year round all their flavors and all their benefits, daucy's mission is to harvest them in the right season when they are ripe and then find the best way to keep them. Daucy guarantees top quality and traceability of its products. We ensure this guarantee by controlling all the stages of the production from the farmer’s field to the consumer’s plate. Daucy Extra Fine Green Peas are hand picked at their peak in order to ensure that only the best make it into the can. Filled with dietary fiber. Daucy selects its peas for their fondant and tenderness.Our canned peas are an excellent nutritional boost, which can be added to dishes or eaten straight out the can. Cook, steam or grill them to your taste. You can use them to prepare salads, side dishes, vegetable dishes or pickles."
56,Soothing Cucumber Facial Scrub With Apricot Seeds,Beauty & Hygiene,Skin Care,TJORI,299.4,499,Face Care,,"The soothing feel of cucumber meets the gentle exfoliation of apricot in our wonderful scrub. While the apricot cleanses the top layer of dead cells and reveals fresh, glowing skin from below, vitamin-rich cucumber cools it down gently. This non-abrasive scrub also reduces excess sebum production, which makes it perfect for those with oily skin."
57,Foochka,Snacks & Branded Foods,Ready To Cook & Eat,Shareat,60,60,"Papads, Ready To Fry",3.9,Unfried multigrain and hygienic Pani Puri Papad. We use high-quality grains for making the Puris made with an automatic machine from Italy. In 5 minutes you can make hygienic Pani puri at your home by using your choice of oil for frying.
58,Argan-Liquid Gold Hair Spa,Beauty & Hygiene,Hair Care,Aroma Treasures,199.5,210,Hair & Scalp Treatment,4.4,"Our beautifully crafted Hair Spa Collection promises to be the perfect solution for nourishing and rejuvenating your tresses. Made with Argan Oil it revives moisture in the dull dry hair, reduces frizz, smooths unmanageable locks of curly hair, deeply nurtures hair shafts & follicles to prevent hair fall, repair split ends and strengthens the roots!Revitalising Hair Oil - The luxurious fusion of Moroccan Argan Oil, Sesame Oil, Olive Oil, Lavender and Geranium provides intense nutrition to revitalize dry and damaged hair.Follikare Wash - Precious blend of Moroccan Argan Oil, Hibiscus, and Ylang Ylang nudges away sebum to strengthen the hair follicles and improve hair growth.Follikare Deep Conditioning Mask - Perfect balance of Moroccan Argan Oil, Patchouli and Shea Butter restores hairs natural luster and provide deep nourishment to brittle, weak and frizzy locks.Restorative Nourishing Tonic - Exotic elixir of Moroccan Argan Oil, Chamomile, Watercress and Sage Extracts strengthens the root to prevent hair fall, enhance the volume and silken the texture of hair.Satin Feel Leave-On - Potent serum of Moroccan Argan Oil and Vitamin E repairs damaged hair strands, while moisturises and smoothens unmanageable dry frizzy hair.Argan - Liquid Gold - Aroma Treasures brings to you an exclusive Hair Spa Collection enriched with Argan Oil extracted from the kernels of Moroccos Argan tree."
59,"Baby Bed Protector - Sublimation Print, Pink",Baby Care,Baby Bath & Hygiene,Quick Dry,199,199,Baby Health,3.7,"These bed protectors for babies bed from Quick Dry are quick absorbent that makes it dry faster. It protects the baby against the dust mites, bacteria and allergens. This leakproof protector is soft, cosy and smooth. It can be easily washed in the washing machine. It comes in a variety of colours with attractive print designs and sizes."
60,Corporate Planner Diary With Premium PU Leather Cover With Card Holder,Cleaning & Household,Stationery,Prozo Plus,399,399,"Notebooks, Files, Folders",,"A5 Size (210x150mm) 
192 Pages Premium Natural Shade 80 GSM paper 
Flat Lay open easily Hardbound Diary with Premium PU Leather Top 
With Card Holder Perfect Binding with sewing 
Rounded Corners
Proudly Made in India"
61,"Atta Chalan - Stainless Steel, Size- No.8","Kitchen, Garden & Pets",Kitchen Accessories,Kvg,149,179,Kitchen Tools & Other Accessories,3.5,"This atta maida challan is made from high quality stainless steel. This is used for sieving wheat, rice, atta, maida and many more items."
62,Dog Supplement - Absolute Skin + Coat Tablet,"Kitchen, Garden & Pets",Pet Food & Accessories,Drools,348.6,498,Pet Meals & Treats,4,"Give your pet the Glory of Healthy Skin and Coat with Drools Absolute Skin + Coat Tablet. The tablet helps make your pets coat healthier and shinier. It has the recommended formation which provides the coat with a healthy and natural sheen, while also helping keep the skin free from any allergy or disease."
63,"Peanut Butter - Creamy, Super",Gourmet & World Food,"Sauces, Spreads & Dips",Happilo,209.4,349,"Chocolate, Peanut Spread",4.3,"Happilo Super Crunchy Peanut Butter is made from high-quality peanuts and is very healthy & tasty. This delicious butter is an excellent source of protein and fibre. It is ideal for gym-goers, dieters, and joggers."
64,Sugar Free Petit Beurre - The Taste of France,Snacks & Branded Foods,Biscuits & Cookies,Bisk Farm,35,35,"Marie, Health, Digestive",4,"Bisk Farm Sugar Free Petit Beurre is one of the best sugar free petit beurre for diabetic patients and for other health issues. They have a good flavor and these biscuits are made of salty, spice and sweet. It is hygienically baked and well packed in wrappers that makes them long lasting and remain fresh giving crispy taste. It is crispy and gives a superior taste."
65,Aqua Halo Rejuvenating Conditioner,Beauty & Hygiene,Hair Care,Azafran,168.75,225,Shampoo & Conditioner,1,"This Aqua Halo Rejuvenating Conditioner is an organic conditioner, which is specially formulated with moisturizing actives to add vibrancy and vitality to your hair. This natural hair conditioner provides long-lasting conditioning and colour protection. It controls unruly, dry and brittle hair and it is formulated for all hair types."
66,Ayurvedic Anti-Tan Face Pack,Beauty & Hygiene,Skin Care,TJORI,269.4,449,Face Care,,"A nourishing face pack that removes tan and brightens your face. Powered with fenugreek, milk powder and rose petals, this face pack delivers a boost of moisture to your skin, nourishing it while leaving it fresh and glowing."
67,Dog Supplement - Absolute Calcium Tablet,"Kitchen, Garden & Pets",Pet Food & Accessories,Drools,339.15,399,Pet Meals & Treats,3.9,"Give your pet the Glory of Healthy Skin and Coat with Drools Absolute Skin + Coat Tablet. The tablet helps make your pets coat healthier and shinier. It has the recommended formation which provides the coat with a healthy and natural sheen, while also helping keep the skin free from any allergy or disease."
68,Battery Power Kids Toothbrush - Barbie,Beauty & Hygiene,Oral Care,Colgate,374.25,499,Electric Toothbrush,4,"Kids must brush their teeth at least 2 times a day and Colgate Kids Battery Operated Toothbrush is a fun way to encourage good oral care habits early on! The extra soft bristles, specially designed for kids, ensure gentle yet effective cleaning. This attractive Barbie toothbrush comes with a small oscillating head, which easily fits their small teeth and 2 replaceable AAA Alkaline batteries, which goes a long way. Easy on/off buttons ensures comfort brushing while the slim handle is easy to hold. The Colgate toothbrush also features fun character handles that make brushing more fun. Cleaning teeth couldn’t have been more fun! This powered toothbrush is not intended for children below 3 years of age. Read pack for complete instructions."
69,Organic Carom Seeds/Ajwain/Om Kalu,"Foodgrains, Oil & Masala",Masalas & Spices,Earthon,72,72,Whole Spices,,"Earthon's Ajwain is Best quality, organically grown, no preservative, no artificial colour and free from harmful chemicals or pesticides.
Ajwain also know as Bishop’s weed or Carom seeds are small brown colour seeds with a pleasant but strong odour."
70,"Padded Harness - 3/4 inch, Grey Colour","Kitchen, Garden & Pets",Pet Food & Accessories,Glenand,840,840,Pet Collars & Leashes,,These are soft padded harness for your active pets with light weight metal fitings making them completely safe for your pets.
71,"Kids Motu Patlu Toothpaste - 2-5 Years, Bubble Fruit Flavour",Beauty & Hygiene,Oral Care,Colgate,43,43,Toothpaste,4,"Kids must brush their teeth at least 2 times a day and Colgate Kids Motu Patlu Toothpaste is a fun way to ensure they enjoy good oral care habits early on! This delicious fruit flavoured toothpaste is specially designed for children of age 6 years and above who have newly erupted or developing permanent teeth. The toothpaste effectively cleanses their mouth, leaving it fresh. The kid’s toothpaste also provides clinically proven cavity and enamel protection. Sparking colourful gel of Colgate strawberry toothpaste makes brushing fun for kids. Developed with the help and expertise of Pediatric dentists, Colgate offers a healthy and thoroughly clean. It ensures your kid’s smile gets brighter and cleaner with every use."
72,Pure & Gentle Face Wash,Beauty & Hygiene,Skin Care,Pears,120,150,Face Care,4.3,"Pears is the gentle way to keep your skin looking innocent and beautiful. It is enriched with pure glycerin and natural oils that gently moisturize skin to keep it smooth while its mild fragrance and soft lather ensure that your skin gets the pampering it deserves. Its natural glycerin provides moisture to your skin, making your face feel silky smooth while it stays clear and radiant! . Enriched with pure glycerine and natural oils that gently moisturize skin to keep it smooth. Mild fragrance and soft lather ensure that skin gets a well deserved pampering. Soap free washing preparation Pears Brand: With the goodness of glycerin & natural oils, Pears is trusted for being gentle, and is recommended by doctors and pediatricians worldwide. It keeps your skin soft and smiling with innocence. It is so pure that you can actually see through it! The pure and gentle face wash gives you fresh and clear skin in a gentle way. The face wash is suitable for frequent use as it has a soap-free formulation. Its mild fragrance will leave you feeling fresh and clean and this gentle wash not only cleans your skin but also rejuvenates it from deep within. This face wash will not leave your skin dry as it is enriched with glycerin and natural oils. So pamper your skin and nourish it at the same time with this mild face wash from Pears. You can carry this tube even in your bag, get this face wash right away!





Features and Benefits:


• Enriched with pure glycerin that gently moisturize the skin for a smooth feel.


• Deeply cleanse & wash away dead skin cells.


• This provides you a soap-free washing preparation.


• soap-free formulation.


• Fresh and renewed skin.


• Use twice a day for best results  For Beauty tips, tricks & more visitÃƒ€šÃ‚ https://bigbasket.blog/"
73,Sesame Seed Oil,Beauty & Hygiene,Skin Care,INATUR ,210,300,Aromatherapy,3.5,"Sesame seeds were one of the first crops processed for oil as well as one of the earliest condiments and were acquired from the seeds of Sesamum Indicum plant. Sesame contains Vitamin E that acts as an excellent antioxidant and thus is useful as a natural sunscreen lotion. Sesame oil acts as both moisturiser and emollient for the body. To prevent dry skin problems, some drops of sesame oil added to the bath water works wonders. Another benefit is that it slows down ageing because of its antioxidant properties. It also detoxifies the skin, helps to repair damaged skin cells and reduces antibacterial infections."
74,Til Dil Seeds,Gourmet & World Food,"Snacks, Dry Fruits, Nuts",Mantra,70,70,Roasted Seeds & Nuts,3.6,"Mantra Til Dil is made from premium quality natural ingredients that have a great taste. It contains no preservatives, no added colours or flavours. Mantra Til Dil is a great way to indulge yourself naturally. The premium ingredients add a luxurious taste to it.  Perfect healthy snacks to tame your small hunger pangs."
75,"Penta Plastic Pet Water Bottle - Green, Wide Mouth","Kitchen, Garden & Pets",Storage & Accessories,BB Home,75,126,Water & Fridge Bottles,,"These BB Home pet water bottles are made of high-quality plastic which is 100% food grade and BPA free. Due to the use of virgin PET material, these bottles are having elegant shine and colour. These are the best ones to store water in the fridge or you can drink water directly from them.
BB Home products are always high quality and at a very competitive price compared to other branded products in the market. So when you get the best or better than the brands available in the market at a lower cost, definitely you save money and get the best quality product for your use.
Special Note: Colour of the bottle physically might slightly differ from the image displayed on the website due to digital photography."
76,Acne Pimple Kit For Acne & Pimple Removal,Beauty & Hygiene,Skin Care,Natures Essence,500,500,Face Care,3,"It is specially enriched with cloves, neem, and turmeric which dries acne and pimples naturally. It also helps in lightening the scars. It comes with Acne Magic Soap, Fresh Rose Toner, Orange Scrub Pack, Acne Pimples Cream and Acne Magic Pack."
77,"Disposable Bamboo Wood Skewer/Picker Sticks- For Barbeque, 12 Inch","Kitchen, Garden & Pets",Kitchen Accessories,Bamboooz,135,299,Kitchen Tools & Other Accessories,4.3,"These skewers are made from bamboo and are treated and boiled. Bamboooz Bamboo Wood Twister Skewer/Picker Barbeque Disposable Stick is made with high-quality bamboo.  No chemicals are used to smoothen the sticks, nor bleach to make it look white. Whatever colour comes naturally, the same is brought to you. These are made in India."
78,& Moms Bathing Soap - Jasmine,Beauty & Hygiene,Bath & Hand Wash,Dettol,108,120,Bathing Bars & Soaps,4.6,"Your trusted Dettol offers a new range of Dettol Co-Created with Moms beauty bathing soaps. It is made by ingredients approved by moms and with minimal chemicals. This new range is free from parabens, harsh chemical residues, artificial dyes, and talc; it has fragrance infused with 100% natural jasmine essence. It gives 10 times better protection than any ordinary soap and is gentle on skin. Reassuringly, Dettol protects from a wide range of illness-causing germs and bacteria to help you stay healthy."
79,Amla Chatpata Dry Fruit,Gourmet & World Food,"Snacks, Dry Fruits, Nuts",Fresho Signature,49,65,Dry Fruits & Berries,,"Fresho Signature presents an array of dry fruits apart from the ordinary to give you the best of the best to indulge. Want to try something other than a regular fruit? This sweetened and spiced amla dry fruit is a healthy alternative to munch on when hunger strikes. It contains amla fruit, sulphurless sugar, cumin seed, black pepper, black salt, citric acid, cinnamon, asafoetida and ginger powder. Easy to carry, it makes a great snack to keep you going throughout the day.

Our spicy candied dry fruit is here to be your snack buddy and your healthy sugar high. They are sweetened with sulphurless sugar and liquid glucose and spiced to enhance the zing. There are 0 added preservatives, artificial colour and flavour to retain the original fruit essence and keep it natural and healthy."
80,"Toothbrush Superhero Assorted, Batman/Spiderman",Beauty & Hygiene,Oral Care,Colgate,49,79,Toothbrush,3.9,"Kids must brush their teeth at least 2 times a day and Colgate Kids Spider-man Toothbrush is a fun way to encourage good oral care habits early on! This attractive extra-soft bristle toothbrush has extra soft bristles specially designed for children. It is ideal for kids of age 5 years and above who have baby teeth or developing permanent teeth. Extra soft, multi-height bristles on the toothbrush effectively clean big and small teeth, while the raised tip helps clean hard to reach back teeth. The kid’s toothbrush features a well-rounded handle; a thumb grip offering comfortable hold; a suction cup at the base for easy and fun upright storage and a soft plus safe tongue cleaner on the back of the toothbrush head. Cleaning teeth could never have been more fun! Developed with the help and expertise of Pediatric dentists, Colgate offers a healthy and thoroughly clean. The toothbrush helps clean beyond teeth so your kid’s smile only gets brighter and cleaner."
81,Chips - Topica,Snacks & Branded Foods,Snacks & Namkeen,Sanjay ,65,65,Chips & Corn Snacks,3.9,Made with Topica
82,Cup a Soup - Croutons Cream of Asparagus,Gourmet & World Food,"Pasta, Soup & Noodles",Batchelors,269.1,299,Imported Soups,,"Batchelor's Cup a Soup with Croutons Cream of Asparagus: Serving Suggestion: 1. Empty a Sachet into a cup or mug, 2. Add 230ml of boiling water, 3. Stir well, wait a few moments, 4. Sit back and enjoy. Ingredients: As Served (greatest first) Water, Asparagus (5%), Maize Starch, Glucose Syrup, Vegetable Oil, Croutons (1.3), (Wheat Flour, Vegetable Oil, Salt, Yeast, Rosemary Extract), Lactose, Potato Starch, Salt, Onion Powder, Milk Proteins, Flavouring, Flavours Enhancers (Monosodium Glutamate, Disodium 5-ribonucleotides), Emulsifier (Mono-and Diglycerides of Fatty Acids), Acidity Regulator (Dipotassium Phosphate), Yeast Extract (Contain Barley), Turmeric, Natural Flavouring (Contains Celery)."
83,Organic Dal - Masoor,"Foodgrains, Oil & Masala",Organic Staples,Pro Nature,96,96,Organic Dals & Pulses,3.9,"Pro Nature Organic Masoor Dal, that comes in a hygienically sealed packet ensuring its freshness and taste. It is a preparation of pulses (dried lentils, beans or peas) which have been stripped of their external hulls and split. It is also high in carbohydrates whilst being virtually fat free. It is also rich in B vitamins thiamine and folic acid as well as numerous minerals, especially zinc and iron."
84,Strawberry Ice Cream,Gourmet & World Food,Dairy & Cheese,Haagen-Dazs,225,225,Gourmet Ice Cream,,"Haagen-Dazs strawberry ice cream is sweet, summer strawberries which introduced to delicate cream and other superb ingredients. Packed over with actual fruit, the true taste of the strawberries comes shining through. This is the strawberry lover's concentrate of pure enjoyment. It is soft and delightful tastes. It is very yummy creamy frozen dessert with real fruit pieces. The ice cream supari is most thinly developed flavors to give you a distinctive flavor."
85,Exo Dishwash Bar- Round 700 gm Box + Pril Dishwash Liquid- Active 2X Lime 225 ml,Cleaning & Household,Detergents & Dishwash,bb Combo,95,114,Dishwash Bars & Powders,,"Exo Dish Shine Round makes your vessels odorous and removes the stain. The fast action formula with the hyper-cleaning technology quickly removes the toughest of stains and makes your vessels shine like never before. This dishwashing bar does not leave traces on the vessel and hence it can be easily washed. It works hard on grease and stains, keeping your utensils fresh and shining. It contains many anti-microbial agents that keep your vessels away from dirt and microbes which do not create pealing or itching of your skin.Pril dishwash liquid has powerful active 2x molecules that cut away tough grease residue, removes the food smell and leaves the utensils sparkling clean."
86,Jupiter Water/Juice Glass Tumbler,"Kitchen, Garden & Pets",Crockery & Cutlery,BB Home,479,629,Glassware,,"B Home glasses are crafted and manufactured in Taiwan to bring the best of the quality, clarity in glass and shine for elegance. These glasses are very superior in quality with high wall thickness and with a heavy bottom to flaunt your style and elegance to your guest at the first impression. These glasses are manufactured with high precision to ensure no wobbling on the rim or bottom of the glass. These are 100% food grade and dishwasher safe. These high-quality glasses can be used for serving juice, water or even alcoholic drinks during your parties.BB Home products are always high quality and at a very competitive price compared to other branded products in the market. So when you get the best or better than the brands available in the market at a lower cost, definitely you save money and get the best quality product for your use."
87,"Cheese - Feta Greek, Block",Gourmet & World Food,Dairy & Cheese,Fresho Signature,695.7,773,International Cheese,,Fresho Signature brings to you one of the most loved and simplest of cheeses- the luscious Greek Feta made from sheep's milk using traditional recipes. Its briny and salty taste makes it a perfect table cheese to nibble with some bread or crackers. This cheese is perfect for a fresh veggie salad because its grainy texture balances out the crunch from the veggies making it ideal for stuffing into grilled vegetables or even works well with desserts. We prepare the cheese into dices as per your individual requirements for each order. Store in an airtight container in below 5°C and consume within 5 days of packing.
88,Avida 3-in-1 Semi Economy Pouch -  FG01248,Cleaning & Household,Pooja Needs,Shalimar,31.5,35,"Agarbatti, Incense Sticks",4.6,"3 in 1, Incense sticks, also known as agarbathi (or agarbatti) and joss sticks, in which an incense paste is rolled or moulded around a bamboo stick, are the main forms of incense in India. In India, burning incense is about spreading positivity in all around areas. Burning incense sticks is also a symbol of worshipping God and a symbol of peace and freshness.With powerful healing properties, these incense sticks can influence your life by increasing spirituality. The bamboo method originated in India and is distinct from the Nepali/Tibetan and Japanese methods of stick making without bamboo cores."
89,Bathing Soap - Sandal & Turmeric,Beauty & Hygiene,Bath & Hand Wash,Godrej No.1,254.15,299,Bathing Bars & Soaps,4.2,"Favoured by over 380 million consumers, Godrej No.1 offers you 'nature's way to beauty' with carefully chosen natural ingredients to make your skin naturally beautiful. It is Grade 1 quality soap and the highest-selling soap of its kind in the country. Godrej No.1 Sandal and Turmeric soap come with the sweet, balsamic, woody scent of the sandal. It preserves the young nature of your skin giving you a perfect complexion. It protects your skin and gives you a youthful and young look."
90,Sweet Corn Kernels - Chipotle,Fruits & Vegetables,Cuts & Sprouts,Supa Corn,55,55,Cut & Peeled Veggies,,"Ready To Eat Sweet Corn kernels, packaged using OXYFRESH Technology along with Chipotle masala sachet."
91,Ashwagandha Tablets,Beauty & Hygiene,Health & Medicine,Muniyal Ayurveda,120,120,Ayurveda,,"Muniyal Ayurveda Ashwagandha Tablet contains the Ayurveda herb, Ashwagandha, which has worked wonders with patients of cardiac and neural disorders for centuries. The tablet strengthens the nervous system and enables its users to handle stress better by elevating their stress threshold considerably. It is effective against hypertension and is also beneficial in renal complaints because of the diuretic properties of its ingredients. Its anti-inflammatory properties reduce the risk of fever, swelling and tenderness."
92,Hard Anodised Ezee-Pour Saucepan With Lid - L88,"Kitchen, Garden & Pets",Cookware & Non Stick,Hawkins Futura,864.5,910,Tawa & Sauce Pan,4.6,Futura Hard Anodised Saucepan comes with a spout for pouring and is especially suitable for making tea or other beverages and boiling milk. The larger capacity saucepans have flared rims. All saucepans either come with a lid or are offered with an optional lid. It has one long handle.
93,Topp Up Milk - Elaichi,"Bakery, Cakes & Dairy",Dairy,Gowardhan,80.01,90,"Flavoured, Soya Milk",5,"Gowardhan Topp-Up Milk is made by 100 % of cow's milk and has 10% more protein. This elaichi milk will taste like a rich and luxurious treat. Liked by all ages, this healthy drink is perfect for your hunger pangs and its delicious taste will surely going to please your taste buds."
94,Namkeen - Madras Mixture,Snacks & Branded Foods,Snacks & Namkeen,Townbus,10,10,Namkeen & Savoury Snacks,4.1,Townbus Savoury Snacks are made by combining the freshest of ingredients with a traditional recipie. These authentic snacks will take you down memory lane and remind you of the traditional snacks your grandma used to make with love. Townbus namkeens are perfect to relish with your evening tea or coffee. They can also be used in chaat for added flavour or to customise it as per your liking. Townbus every bite has a story.
95,"Stainless Steel Storage Lunch Container - Flat, Carry Snack Pack","Kitchen, Garden & Pets",Steel Utensils,Ramson,129,249,Steel Storage Containers,1.5,"These smart and stylish air-tight, spill-proof and moisture-free storage containers help keep your food fresh and tasty for longer. They have locks on 4 sides to prevent spills and moisture. The translucent lids let you easily see what's inside. These stainless steel containers are a big help when packing food for school and office. Durable and reusable, these containers can even be taken along for lunches and picnics. This size makes it ideal to store chapatis or any other Indian snacks."
96,Oceans Deodorant for Men - Long Lasting & Fresh Aquatic Fragrance,Beauty & Hygiene,Fragrances & Deos,Brut,179.4,299,Men's Deodorants,4,"Looking for an energetic fragrance that works for all occasions? Say hello to Brut Ocean Deodorant Spray. A fresh, aquatic version of the classic men’s fragrance, Brut Ocean leaves you feeling super fresh and energized through the day. It embodies an energetic experience – exactly what you need to either kickstart your day or post a great workout session. Enjoy this masculine, aquatic fragrance that lasts all day, all night. An iconic brand in the world of fragrances, Brut exemplifies absolute class, electrifying charisma and ultimate sophistication. So, what are you waiting for?"
97,Hair Remover Spray - Foam Lemon,Beauty & Hygiene,Feminine Hygiene,Dimples,1200,1200,Hair Removal,,"Denim BlackÃ‚ is made for the bold and the confident. The unmistakably intense and woody accord of Patchouli, Sandalwood & Cedar represent masculinity, while Amber, Labdanum & Oakmoss balances the composition with warm sensual tones.  For Beauty tips, tricks & more visit https://bigbasket.blog/"
98,Mr. Magic Powder-To-Liquid Germ Protection Handwash Empty Bottle + Refill,Beauty & Hygiene,Bath & Hand Wash,Godrej Protekt,32.55,35,Hand Wash & Sanitizers,4.4,"Godrej Protekt Mr Magic handwash is a unique powder to liquid format, a first, in the world of handwashes! With Neem which is tough on germs and soothing Aloe Vera makes it gentle on skin. Extremely affordable compared to other handwashes in the market.Mr Magic handwash is not just green in colour, it's also green in nature. If all Indian households that use liquid handwash refills switch to Godrej Protekt Mr Magic refills, it would result in a greener, better world.So, add, pour, shake and wash to stay protected!"
99,Frankincense Oil,Beauty & Hygiene,Skin Care,Organic Harvest,258.75,345,Aromatherapy,3.7,"This Frankincense Oil balance, heals, tones and rejuvenates ageing skin. Its woody, warm, and balsamic aroma help calm the mind during meditation and creates a peaceful environment."
100,"Wonder Diaper Pants - Xtra Large, 12-17 Kg",Baby Care,Diapers & Wipes,Huggies,1266.38,1398,Diapers,4,"Huggies knows that nothing is more important than the comfort and well-being of your little baby. Choosing the best diaper for your baby is an important step in ensuring the comfort of your little one during the day as well as overnight. That is why we have lovingly designed Huggies Wonder Pants for the all-round comfort of your little one. These diaper pants keep your baby comfortable in the day and help them sleep peacefully at night without any wetness irritating their skin. Their cottony-soft material is gentle on their bum keeping their precious skin perfect. And their revolutionary Dry Touch Sheet pulls the wetness away from the skin of your baby keeping it dry and hygienic for up to 12 hours. If you are looking for safe and gentle care for your little one, stock up your diaper bags and changing tables with Huggies Wonder Pants."
101,Samrakshana Vaastu Deepa Thailam,"Foodgrains, Oil & Masala",Edible Oils & Ghee,Samvruddhi,515,515,Other Edible Oils,,"Exclusive blend of quality oils and powerful divine herbs, Puja Oil is the blend of five puja oils - Coconut, Rice Bran, Sesame (Til), Castor and Mahua - sourced in their purest form and blended for cherished memories to last longer The oil constitution varies regionally."
102,Quinoa - Organic Black,Gourmet & World Food,Cooking & Baking Needs,Nourish You,495,495,Quinoa & Grains,,• Saponin Free • Gluten Free • Grown in India • Powerhouse of Fibre & Protein • Only plant food that provides high contents of all essential ammino acids in to protein • 2 X more amino acids than Rice & Wheat • 6X Leucine than wheat
103,Fructis Serum - Long & Strong,Beauty & Hygiene,Hair Care,Garnier,230,230,Shampoo & Conditioner,4.8,"Garnier Fruits Long & Strong Strengthening Serum detangles unruly hair, softens hair without heaviness and helps stop split and breakage ends. It is enriched with the goodness of Grape seed and avocado oil that result in smoother, shinier and longer hair.  For Beauty tips, tricks & more visit https://bigbasket.blog/"
104,Citrus Blast Orange Lemon Soap Free Body Wash,Beauty & Hygiene,Bath & Hand Wash,Fuschia,225,250,Shower Gel & Body Wash,3.7,Fuschia Citrus Blast Body Wash is a fusion of Orange and Lemon extracts in a soap free formula. It is rich in Vitamin C. This body wash gives you firm and flawless skin.
105,Veda Marie Light Biscuits,Snacks & Branded Foods,Biscuits & Cookies,Sunfeast,30,30,"Marie, Health, Digestive",4.4,"Crispy Marie biscuits with the goodness of wheat fibre and 5 natural ingredients -Tusli, Ginger, Cardamom, Ashwagandha and Mulethi, making it the perfect partner for your cup of tea!"
106,"2 Fold Umbrella - Auto-Open & Manual Close, Dark Violet","Kitchen, Garden & Pets",Storage & Accessories,Fendo,289,749,Umbrella,3.6,"This Fendo Umbrella brings - Classic Women Umbrella, one of the most preferred umbrellas online. Made of Superior Polyester Fabric with UV Protection. It will withstand harsh weather conditions. Umbrella Care: Please allow the umbrella to dry before closing"
107,Aamras Mango Fruit Juice,Beverages,Fruit Juices & Drinks,Paper Boat,243,360,Juices,,"The one treasure that easily transforms Indian summer into a festivity that it is, is Aamras. An honest treat for an honest day’s work. A silkesque ale cascading down your throat - Soothing, serenading and more importantly, lingering. Sometimes enveloped in rotis, sometimes guzzled with milk but the best way to go about Aamras is to have it directly as is. The way the ancients intended. Without preservatives or artificial flavour. Without frills or hassles.
 Ah! One just cannot help but submit to the tasty tyranny of the one true king of the fruit realm. All hail the mango! Long live the king!"
108,Henna & Ginseng Anti Hair Loss Shampoo,Beauty & Hygiene,Hair Care,Jovees,137.75,145,Shampoo & Conditioner,3.6,"Jovees Herbal Anti- hair loss Shampoo is an excellent natural recipe containing naturally derived ingredients that have proven therapeutic properties, which aid in controlling hair loss, provide nutrition and strengthen the hair shaft. It shall also help in improving the texture of the hair."
109,"Sandwich Toaster - Non-Stick, Gas","Kitchen, Garden & Pets",Cookware & Non Stick,Omega,249,315,Kadai & Fry Pans,3.3,Omega toasters are budget friendly gas toasters that make beautifully crisp sandwiches and toasts to be enjoyed any time. It has a non stick coating inside and a hand crafted handle with maximum grip torque. They can be easily locked to keep the contents secured inside and are very easy and convenient to use.
110,"Baby Cereal - Ragi Almond & Banana, 6-8 Months, No Preservatives, No Artificial Colours",Baby Care,Baby Food & Formula,Slurrp Farm,349,349,Baby Food,4,"Smooth easy-to-cook porridge mix made from Sprouted Ragi, Almond powder, Banana Powder and Cardamom Powder. We use Sprouted Ragi which has 3x the calcium of a glass of milk and 10 x the calcium of wheat and rice, great for growing bones. Almonds contain fibre, minerals and essential fatty acids. Fortified with 13 essential vitamins and minerals. Great for healthy weight gain for your little ones. No Added Sugar, No Added Salt, No Milk, No Preservatives & Artificial Flavours, 100% Natural and excellent early food for the little ones. If your little one is ready for new tastes, add some mashed fruits, vegetables or Slurrp Farm Jaggery."
111,Incense Sticks - Sandal,Cleaning & Household,Pooja Needs,Ambica,60,60,"Agarbatti, Incense Sticks",4.6,Traditional Indian Incense Sticks
112,SPF 15 Sunscreen Lotion,Beauty & Hygiene,Skin Care,Elovera,209.3,299,Body Care,5,Elovera SPF Lotion is a specially formulated sunscreen that provides protection from the harmful UV radiation of the sun. The key ingredients of the sunscreen are Aloe vera and Vitamin E extract.
113,Fenugreek,"Foodgrains, Oil & Masala",Organic Staples,Organic Tattva,28.5,30,Organic Masalas & Spices,4.2,"Per 100 gm : Calories - 323 g, Fat - 6 g, Protein - 23 g"
114,Caramel Popcorn - Himalayan Salt,Gourmet & World Food,"Snacks, Dry Fruits, Nuts",4700BC,44.1,49,Gourmet Popcorn,,"4700BCs high quality popcorns are coated with signature handcrafted caramel sprinkled with Himalayan salt. It is the perfect snack for every occasion so go ahead and indulge yourself by having this pack filled of yummy Sriracha Lime Cheese popcorns at anytime during the day. This delicious gluten free snack has 0 grams of trans fat per serving and has certified non-GMO corn, no MSG and is cholesterol free."
115,Cold Pressed Bhringraj Cooling Oil For Hair Fall & Damage Control,Beauty & Hygiene,Skin Care,Soulflower,182.75,215,Aromatherapy,4,"Cold-pressed Soulflower Bhringraj Oil with coconut & sesame is a cooling non-greasy formulation that controls acute hair fall, revitalizes hair follicles, reverses premature greying and offers stress relief. The blend of Eclipta prostrate/Alba (Bhringraj) Flower Oil, Sesamum Indicum (Sesame) Seed Oil and Cocos Nucifera (Coconut) Oil can be easily absorbed by your scalp and hair. It soothes scalp irritation, protects your hair from the heat of hair dryers, curlers, and flat irons, deeply conditions hair and tames frizzy brittle hair."
116,Sapota - Organically Grown,Fruits & Vegetables,Fresh Fruits,Fresho,35,43.75,Organic Fruits,,"Brown skinned sapotas are smooth to grainy textured, musky-scented and deliciously sweet in taste. The flesh generally contains 2-3 large and inedible black seeds. Fresho sapotas are freshly plucked by our farmers who grow it organically and the best quality is delivered to you. Do not forget to check our delicious fruit recipe - https://www.bigbasket.com/cookbook/recipes/1232/summer-fruit-salad/"
117,Spiced Tea - Blend Of 7 Refreshing Spices,Beverages,Tea,Wagh Bakri,150,150,Leaf & Dust Tea,4.3,"Rejuvenate yourself with this refreshing spice tea made from rich premium fresh leaves and seven authentic Indian spices. The name Wagh Bakri is one of the most trusted name in Indian household. It is especially famous among the tea lovers. A Unique Blend of 7 Refreshing Spices. This tea is flavoured with clove, ginger, black pepper, cinnamon, nutmeg, lemon grass, piper longum."
118,"Steel Bowl/Vati/Katori - No. 4, Chutney","Kitchen, Garden & Pets",Steel Utensils,BB Home,69,159,Bowls & Vessels,,BB Home Chutney Bowl can be used to serve all sorts of homemade chutneys and sauces with ease to accompany your homemade spicy Indian meal. It is made from high-quality steel and this set of four steel bowls is a must-have for your home and for small servings.
119,"Adult Dry Cat Food - +1 Year, Ocean Fish","Kitchen, Garden & Pets",Pet Food & Accessories,Maxi Persian,999,999,Pet Meals & Treats,,"A nutrient-rich food that has been formulated to deliver a cat’s need for its diet requirement. Enriched with ocean fish and other essential ingredients which helps your feline to maintain the beautiful skin and coat. Taurine, an essential amino acid keeps the heart healthy and promotes the growth and development of the body. We assure all our ingredients goes through a strict selection process by nutritional laboratories to meet the safety and quality standards of the product. Our extensive research guarantees high palatability, better digestibility."
120,Millet Rusk - Sweet,"Bakery, Cakes & Dairy","Cookies, Rusk & Khari",Nutribee,100,100,Rusks,4.5,"Made with organic whole wheat, millets and jaggery, our sweet rusk is baked to perfection. You can enjoy a guilt-free snack with your tea or coffee which is filled with fibre and nutrition and is super tasty. All our products are made with no maida, butter, sugar or preservatives."
121,"Stainless Steel Kadai - Induction Bottom With Glass Lid,  26 cm","Kitchen, Garden & Pets",Cookware & Non Stick,Vinod,1099,1335,Kadai & Fry Pans,3.8,"Create those nutritious and flavourful recipes quickly with minimal effort by bringing home this 24 cm Induction Friendly Kadhai from Vinod. It prevents food from getting burnt. It is ergonomically designed using high-quality stainless steel, this kadhai ensures even distribution of heat while preventing food from frothing or getting burnt. Easy to clean and is dishwasher-safe, this kadhai can be easily cleaned and maintained after every use. It is suitable for all cooktops. This kadhai comes with an induction base which makes it perfect to be used on all types of cooktops including gas stoves and induction cooktops."
122,"Power Pocket - Long Lasting Bathroom Fragrance, Berry Rush",Cleaning & Household,Fresheners & Repellents,Aer,53.35,55,Air Freshener,4.2,"Petal Crush Pink Life is not a bed of roses. But it can smell like one right? Here's a fragrance that is as fresh as it is romantic. Godrej Aer Pocket Say hello to Godrej aer pocket, a range of bathroom air freshener available in 5 delightful fragrances. Its unique power gel technology keeps your bathroom fragrant for 3-4 weeks and ensures that its fragrance reaches every corner of your bathroom. A must-have stock item in your pantry & toilet, Godrej aer pocket is so easy to use, that you simply have to unwrap the packet and hang it with the hook provided. That's it, you are done. Godrej aer pocket works 24x7 without any effort, so you can walk-in to a refreshing fragrance every-time you step into your bathroom. You can now choose from any of our 5 refreshing fragrance variants - Misty Morning Meadows, Fresh Lush Green, Bright Tangy Delight, Violet Valley Bloom, and Petal Crush Pink."
123,Cabbage - Red,Fruits & Vegetables,Fresh Vegetables,Fresho,23,28.75,Cabbage & Cauliflower,,"It is round, wrapped in purplish red leaf layers. The flavour is more peppery and bold compared to green ones.
Its leaves are coarser as they have less water content. 
Do not forget to check our delicious recipe - https://www.bigbasket.com/cookbook/recipes/1561/violet-cabbage-walnut-salad/"
124,Marvel Spiderman 2-In-1 Snackeez Bottle With Snack Box,"Kitchen, Garden & Pets",Storage & Accessories,Hm International,269,299,Lunch Boxes,3,"Alongside a lovely cartoon character design, the innovative Snackeez snacking solution allows you to have drink water and have your favourite snack all in one hand. The cup stays perfectly sealed to prevent spills and keep snacks fresh."
125,Refined Oil - Rice Bran (Natural Oryzanol & Vitamin E),"Foodgrains, Oil & Masala",Edible Oils & Ghee,Dhara ,183,185,"Sunflower, Rice Bran Oil",4.1,"Dhara refined rice bran oil is high in Vitamin E and mono-unsaturated fatty acids.
Food fried in this oil supposedly absorbs less oil ensuring lower calorie intake.
It has reasonably balanced fat composition (MUFA, PUFA and SFA) apart from the presence of Oryzanol.
Its ideally for cooking. Store in cool and dry place, away from direct sunlight."
126,Premium Square Plastic Container - Green,"Kitchen, Garden & Pets",Storage & Accessories,Mastercook,179,280,Containers Sets,3.9,These containers are microwave safe but without its lid and is refrigerator safe and dishwasher safe. Use it only for reheating the food and not for cooking food in this container. All containers are airtight but not leakproof.
127,Instant Popcorn - Butter Delite,Snacks & Branded Foods,Snacks & Namkeen,ACT II,29.7,33,Chips & Corn Snacks,4.2,"Enhance your movie-watching experience, in the comfort of your own home with World’s No. 1 ACT II popcorn. ACT II popcorn is easy to make. In only 3 minutes, enjoy Hot n Fresh n delicious popcorn along with the delightful popcorn aroma. You can choose among different pack sizes such as individual packs, family packs and party packs, as per your need.
Relish your favourite ACT II popcorn, now available in various lip-smacking desi flavours such as butter, Sweet Pani Puri, Tandoori Tadka, Southern Spice, Butter pepper as well as international flavours such as Cheese Delite, Peri Peri, Thai Sweet Chilli and Tomato Chili."
128,Cherry Lip Balm 4.5 g + Deep Nourish Elbow & Foot Cream 50 g,Beauty & Hygiene,Skin Care,Kaya Clinic,455,525,Lip Care,,"Cherry Lip Balm:

The skin on your lips is thinner than your facial skin and requires nourishing care to keep it supple and hydrated
Kaya Derma Naturals lip balms are a handbag essential that comes in stick format which is easy to use and carry when you are out and about 
Heals dry and chapped lips 
Moisturised and softens lips 
Soft glossy look 6.Contains SPF protection

Deep Nourish Elbow & Foot Cream: This cream is specially formulated to gently heal rough and cracked feet. It is also recommended for foot softening, treating corns, calluses and thick skin around the elbows and knees. Makes feet smooth and soft."
129,Nutrition Plus Health Supplement - Joint Support,Beauty & Hygiene,Health & Medicine,Abbies,1299,1299,Supplements & Proteins,,"This supplement contains Glucosamine and Chondroitin, which may support joints in order to promote healthy cartilage and tissue, while MSM supports healthy collagen for supreme joint support. Joint Support is great to help with painful stiffness, discomfort, and poor range of motion. With a specialised Glucosamine Chondroitin complex per serving, you can move easily and comfortably again. Chondroitin is the most abundant glycosaminoglycan in cartilage and is partly responsible for the resiliency of cartilage. Chondroitin is also important in preventing the action of enzymes that can destroy cartilage."
130,Glass Belleza Bowl - Wine,"Kitchen, Garden & Pets",Crockery & Cutlery,Iveo ,299,398,Glassware,,"These Iveo Belleza Glass Bowls are made from high quality coloured glass material. These are extra strong, freezer safe, no sharp edges, no wobbling. The capacity of these bowls are 400 ml each. These are ideal for storing & serving fruits, snacks & other food articles."
131,Dark Fantasy - Choco Fills Biscuits - Cookies,Snacks & Branded Foods,Biscuits & Cookies,Sunfeast,23.76,30,Cream Biscuits & Wafers,4.3,"Sunfeast Dark Fantasy Chocofill is nothing but smooth and tasty choco creme inside cookies that are baked to perfection. It has a rich chocolaty taste, and because of its soft texture, it simply melts in the mouth after a bite. This innovative cookie has its center filled with luscious chocolate which adds to the crunchiness."
132,Banana - Red,Fruits & Vegetables,Fresh Fruits,Fresho,39,48.75,"Banana, Sapota & Papaya",,"Standing apart from the common varieties of yellow bananas, Red bananas are short, plump and reddish-purple in colour.
Even the flesh is light pink and sweeter compared to other varieties. They are high in nutrients and are freshly procured from the farmers. 
Do not forget to check our delicious fruit recipe - https://www.bigbasket.com/cookbook/recipes/1383/banana-ice-cream/"
133,"Chilli - Bajji, Mild",Fruits & Vegetables,Herbs & Seasonings,Fresho,14,17.5,"Lemon, Ginger & Garlic",,"Fresho is our brand of fresh fruits and vegetables which are individually handpicked every day by our experienced and technically competent buyers. Our buying, storing and packaging processes are tailored to ensure that only the fresh, nutrient-dense, healthy and delicious produce reaches your doorstep. We guarantee the quality of all Fresho products. If you're not satisfied with the freshness of the items, you can hand them back to our Customer Experience Executive (CEE) for a full refund. Product image shown is for representation purpose only, the actual product may vary based on season, produce & availability."
134,I Love You Fruit N Nut Chocolate,Snacks & Branded Foods,Chocolates & Candies,Amul,90,100,Chocolates,4.2,"This yummilicious chocolate is filled with crunchy almonds and handpicked juicy raisins and studded in the smooth texture of dark chocolate to give you the best chocolate pleasure.With 55% cocoa, Amul Fruit 'N' Nut Chocolate is a classic combination that is celebrated for decades and relished even today. The amalgamation of the dark chocolate and dry fruits will surely give your taste buds a heavenly feeling. Enjoy this sweet delight with your loved ones or enjoy some self-indulgence."
135,Pitted Green Olives,Gourmet & World Food,Tinned & Processed Food,Del Monte,230,230,"Olive, Jalapeno, Gherkin",4.4,"Del Monte olives are sourced from the largest olive producer and exporter in Spain. Olives can be used while preparing Italian & Mediterranean cuisines at home, as well as for healthy snacking. Deep & rich in flavor, Del Monte Pitted Green Olives go exceptionally well in salads & pasta, or simply for healthy snacking. Ready-to-use Spanish olives of the Hojiblanca variety. Use these in pizzas, pasta, bruschetta, garlic bread, or for plain healthy snacking."
136,Glass Mixing Bowl With Lid - Polo,"Kitchen, Garden & Pets",Crockery & Cutlery,Yera,159,190,Glassware,3.7,"This range of Yera mixing and serving bowls were designed as a tribute to the modern gleaming kitchen of today. These durable bowls come in different sizes to fulfil every need. The lids lock the aroma in and help to keep the food fresh for a long period of time. With these mixing bowls, you will be able to directly warm food in a microwave oven without having to go through the hassles of transferring it to another bowl or plate. This helps to warm the food in very little time and negates the need for another crockery for the same."
137,Cake Gel,Gourmet & World Food,Cooking & Baking Needs,Purix,85.5,90,"Baking, Cake Decorations",,"Cake gel is a translucent soft jelly included in emulsifiers and humectants, which considerably enhances volume through increased aeration and provides a more uniform crumb structure. Adding Cake Gel helps in smooth mixing of all ingredients. Cake Gel is found in baked goods, ice cream, toppings, waffle, and fillings."
138,Toffees - Excellence Assorted,Gourmet & World Food,Chocolates & Biscuits,Sapphire,250,250,International Chocolates,,"Almond, Anjeer, Cashew, Pistachio, Rose Flavoured Toffees"
139,Organic Idly Podi - Ginger,Snacks & Branded Foods,Ready To Cook & Eat,Aaha Oho,75,75,Breakfast & Snack Mixes,3.9,"This is a Ginger flavour Idly Podi that can be had with Idli, Dosa or Adai/Cheela. Ginger helps in digestion. It contains gingerol, a substance with medicinal properties, that can treat many forms of nausea. The anti-inflammatory effects of ginger can help with osteoarthritis, treat chronic indigestion and help fight infections. Certified organic products are only used."
140,Glass Water Bottle - Aquaria Organic Purple,"Kitchen, Garden & Pets",Storage & Accessories,Cello,369,425,Water & Fridge Bottles,4.8,"A cheerful pattern that adorns this brightly hued glass bottle. Bring home the colourful eccentricity of these Italian milk and water bottle for a pleasing sip each time as they are airtight. This serves as an ideal way to store milk, water, juices or just for decorative pieces."
141,Stainless Steel Pav Bhaji/Idli Oval Shaped Plate,"Kitchen, Garden & Pets",Steel Utensils,Omega,125,125,Plates & Tumblers,3.6,"We believe every meal should be complemented by dinnerware that makes you smile. Hence, make a fun addition to your kitchen with the plates that blends superior durability, hassle-free maintenance and a sunny look to your dinner table. This high-quality food-grade stainless steel plate comes with 3 apple shape compartments.All compartments can accommodate different types of food like chapatti/curries/salad/ pickle or sweet. It is more useful where one can have a different quantity of small food in 1 plate without using 3 different bowls for it. This season give your kitchen a perfect gift with Compartment Plates. It is very economical in range. It is non-breakable, durable, sturdy, rust free and long lasting."
142,Organic Cow Ghee/Tuppa,"Foodgrains, Oil & Masala",Organic Staples,Akshayakalpa,280,280,"Organic Edible Oil, Ghee",4.2,"Akshayakalpa Ghee is delicious and enjoy it with all rice, pasta and vegetable dishes. It is rich in essential fatty acids and vitamins A, D, E and K. It is great for cooking, high heat stability and easy to digest."
143,Dates/Kharjura - Deseeded,"Foodgrains, Oil & Masala",Dry Fruits,Lion,66,66,Other Dry Fruits,4.1,"Dates provide several necessary nutrients such as fiber, calcium, sulfur, iron, amino acids, manganese, magnesium, copper, phosphorous, potassium, and fats to the body.
They can be simply digested in nature.
As against other forms, dates are excellent for providing energy to your body.
They assist to strengthen your immunity in a natural manner.
Click here for unique and delicious recipes - https://www.bigbasket.com/flavors/collections/231/dry-fruits-berries-nuts/"
144,Chutney - Sweet Mango Sliced (without Garlic),Snacks & Branded Foods,Pickles & Chutney,Priya,90,90,Lime & Mango Pickle,3.9,
